Nome,Dono,Idade (anos),Dias desde última atualização,Linguagem,Releases,Pull Requests,Issues Fechadas,Total Issues,Taxa de Fechamento de Issues,Stars
freeCodeCamp,freeCodeCamp,10,0,TypeScript,0,24325,18727,18892,0.9912661443997459,410040
free-programming-books,EbookFoundation,11,0,HTML,0,6787,1130,1159,0.9749784296807593,350441
awesome,sindresorhus,10,0,Unknown,0,661,335,347,0.9654178674351584,347126
build-your-own-x,codecrafters-io,6,0,Markdown,0,140,534,726,0.7355371900826446,334487
public-apis,public-apis,8,0,Python,0,1872,603,651,0.9262672811059908,327575
coding-interview-university,jwasham,8,0,Unknown,0,415,458,509,0.899803536345776,311898
developer-roadmap,kamranahmedse,7,0,TypeScript,1,3315,2521,2661,0.9473881999248402,308372
system-design-primer,donnemartin,7,0,Python,0,199,87,318,0.27358490566037735,289171
996.ICU,996icu,5,0,Unknown,0,1068,0,0,0,270261
awesome-python,vinta,10,0,Python,0,543,0,0,0,234037
react,facebook,11,0,JavaScript,103,11340,12730,13510,0.9422649888971133,232274
project-based-learning,practical-tutorials,7,0,Unknown,0,182,78,190,0.4105263157894737,217679
awesome-selfhosted,awesome-selfhosted,9,0,Unknown,1,2393,803,803,1.0,216638
vue,vuejs,11,0,TypeScript,249,1136,9663,10017,0.9646600778676251,208357
Python,TheAlgorithms,8,0,Python,0,2911,1492,1556,0.9588688946015425,197335
javascript-algorithms,trekhleb,6,0,JavaScript,0,302,227,356,0.6376404494382022,190106
tensorflow,tensorflow,9,0,C++,213,29014,39423,40230,0.9799403430275914,187998
linux,torvalds,13,0,C,0,10,0,0,0,187741
You-Dont-Know-JS,getify,11,0,Unknown,0,367,855,936,0.9134615384615384,181002
CS-Notes,CyC2018,7,0,Unknown,0,374,448,596,0.7516778523489933,178868
ohmyzsh,ohmyzsh,15,0,Shell,0,3288,4759,4891,0.9730116540584748,176064
computer-science,ossu,10,0,Unknown,0,281,628,642,0.9781931464174455,175361
AutoGPT,Significant-Gravitas,1,0,Python,41,2575,2972,3139,0.9467983434214718,171511
bootstrap,twbs,13,0,JavaScript,89,8842,22118,22617,0.9779369500817969,171398
flutter,flutter,9,0,Dart,7,40824,90153,103280,0.8728989155693261,168619
vscode,microsoft,9,0,TypeScript,156,31095,181729,190388,0.9545191923860747,167381
gitignore,github,14,0,Unknown,0,1573,0,0,0,164398
Python-100-Days,jackfrued,6,0,Jupyter Notebook,0,13,114,660,0.17272727272727273,160835
the-book-of-secret-knowledge,trimstray,6,0,Unknown,0,122,0,0,0,158124
the-art-of-command-line,jlevy,9,0,Unknown,0,317,136,254,0.5354330708661418,154711
JavaGuide,Snailclimb,6,0,Java,0,1131,1008,1072,0.9402985074626866,148091
stable-diffusion-webui,AUTOMATIC1111,2,0,Python,27,1870,5443,7740,0.7032299741602067,147830
javascript,airbnb,12,0,JavaScript,0,811,1252,1347,0.9294729027468448,146114
transformers,huggingface,6,0,Python,177,14574,15653,16650,0.9401201201201201,139407
awesome-go,avelino,10,0,Go,0,3392,665,670,0.9925373134328358,138182
youtube-dl,ytdl-org,14,0,Python,341,1639,22996,26687,0.861692959118672,134193
next.js,vercel,8,0,JavaScript,1000,20780,19584,22361,0.8758105630338536,129356
fucking-algorithm,labuladong,4,0,Markdown,1,238,877,881,0.9954597048808173,126816
ollama,ollama,1,0,Go,114,1983,4648,5959,0.7799966437321698,126330
go,golang,10,0,Go,0,1,56338,65460,0.8606477238007944,125865
30-seconds-of-code,Chalarangelo,7,0,JavaScript,11,821,296,296,1.0,122635
tech-interview-handbook,yangshun,8,0,TypeScript,0,466,70,107,0.6542056074766355,121863
react-native,facebook,10,0,C++,374,886,26037,26635,0.9775483386521494,120570
awesome-chatgpt-prompts,f,2,0,HTML,0,158,0,0,0,120416
Microsoft-Activation-Scripts,massgravel,5,0,Batchfile,19,6,561,562,0.998220640569395,117738
scrcpy,Genymobile,7,0,C,44,109,3012,5205,0.5786743515850145,117612
electron,electron,11,0,C++,1000,21467,19655,20518,0.957939370308997,115487
PowerToys,microsoft,5,0,C#,109,5061,25716,31483,0.816821776831941,114782
kubernetes,kubernetes,10,0,Go,721,60668,44759,46639,0.9596903878728104,113071
free-programming-books-zh_CN,justjavac,11,0,Unknown,3,282,0,0,0,112629
d3,d3,14,0,Shell,194,491,2215,2224,0.9959532374100719,109785
node,nodejs,10,0,JavaScript,428,9731,17141,18770,0.9132125732551944,109597
hello-algo,krahets,2,0,Java,9,900,235,253,0.9288537549407114,108975
axios,axios,10,0,JavaScript,87,934,4196,4756,0.8822539949537427,106322
three.js,mrdoob,14,0,JavaScript,165,13670,12417,12832,0.9676589775561097,104312
create-react-app,facebook,8,0,JavaScript,83,1949,6558,8369,0.7836061656111841,103099
TypeScript,microsoft,10,0,TypeScript,206,14533,36174,41675,0.868002399520096,102202
nodebestpractices,goldbergyoni,7,0,Dockerfile,0,765,284,324,0.8765432098765432,101761
deno,denoland,6,0,Rust,310,12326,10024,12050,0.8318672199170124,101724
rust,rust-lang,14,0,Rust,134,61160,46597,56554,0.8239381829755632,101262
langchain,langchain-ai,2,0,Jupyter Notebook,800,13156,7839,8190,0.9571428571428572,100552
yt-dlp,yt-dlp,4,0,Python,103,2505,7169,8662,0.8276379589009467,100248
HelloGitHub,521xueweihan,8,0,Python,51,17,2558,2747,0.9311976701856571,98453
terminal,microsoft,7,0,C++,128,4022,11510,13095,0.8789614356624665,97033
angular,angular,10,0,TypeScript,405,3694,27228,28735,0.9475552462154168,96950
material-ui,mui,10,0,TypeScript,519,19844,18137,19822,0.9149934416305116,94770
godot,godotengine,11,0,C++,58,36247,43693,54996,0.7944759618881373,93988
ant-design,ant-design,9,0,TypeScript,689,14951,29670,30886,0.9606294113837985,93699
clean-code-javascript,ryanmcdermott,8,0,JavaScript,0,149,163,234,0.6965811965811965,92454
excalidraw,excalidraw,5,0,TypeScript,13,3558,2186,3844,0.568678459937565,92393
free-for-dev,ripienaar,9,0,HTML,0,2641,0,0,0,92246
papers-we-love,papers-we-love,11,0,Shell,0,433,243,243,1.0,90847
java-design-patterns,iluwatar,10,0,Java,0,1452,815,942,0.8651804670912951,90733
frp,fatedier,9,0,Go,101,654,3639,3693,0.9853777416734363,90430
iptv,iptv-org,6,0,JavaScript,0,6490,9555,9659,0.9892328398384926,90212
thefuck,nvbn,9,0,Python,17,481,471,745,0.6322147651006711,89940
puppeteer,puppeteer,7,0,TypeScript,494,5133,6818,7072,0.9640837104072398,89720
tauri,tauri-apps,5,0,Rust,1000,4791,4236,5173,0.8188671950512275,89466
Awesome-Hacking,Hack-with-Github,8,0,Unknown,0,34,0,0,0,88904
vue-element-admin,PanJiaChen,7,0,Vue,49,311,2357,3597,0.6552682791214901,88681
pytorch,pytorch,8,0,Python,58,5998,34390,48900,0.7032719836400818,86861
neovim,neovim,11,0,Vim Script,41,14576,10751,12300,0.8740650406504065,86200
every-programmer-should-know,mtdvio,7,0,Unknown,0,99,22,51,0.43137254901960786,86074
storybook,storybookjs,8,0,TypeScript,1000,10720,11109,13139,0.8454981353223229,85828
tailwindcss,tailwindlabs,7,0,TypeScript,266,2725,3836,3928,0.9765784114052953,85656
Web-Dev-For-Beginners,microsoft,4,0,JavaScript,0,497,240,295,0.8135593220338984,84981
DeepSeek-V3,deepseek-ai,0,0,Python,0,16,273,381,0.7165354330708661,84735
django,django,12,0,Python,0,9518,0,0,0,82317
nvm,nvm-sh,14,0,Shell,68,725,1952,2251,0.8671701466015105,82255
rustdesk,rustdesk,4,0,Rust,27,3310,3249,3299,0.9848438920885116,82201
app-ideas,florinpop17,5,0,Unknown,0,149,43,169,0.25443786982248523,82122
bitcoin,bitcoin,14,0,C++,54,14902,8008,8393,0.9541284403669725,82008
svelte,sveltejs,8,0,JavaScript,392,5460,7182,7942,0.9043062200956937,81340
animate.css,animate-css,13,0,CSS,22,315,841,873,0.9633447880870561,81305
realworld,gothinkster,8,0,TypeScript,0,433,495,538,0.9200743494423792,81191
fastapi,fastapi,6,0,Python,200,2546,3411,3461,0.9855533082924011,80924
ui,shadcn-ui,2,0,TypeScript,37,471,2002,2774,0.7217015140591204,80849
NextChat,ChatGPTNextWeb,1,0,TypeScript,75,868,2817,3363,0.8376449598572703,80703
opencv,opencv,12,0,C++,65,12711,8433,10995,0.7669849931787176,80589
gin,gin-gonic,10,0,Go,26,1046,1647,2288,0.7198426573426573,80317
awesome-mac,jaywcjlove,8,0,JavaScript,10,946,342,452,0.7566371681415929,79629
laravel,laravel,13,0,PHP,182,1606,0,0,0,79612
mall,macrozheng,6,0,Java,3,1,480,495,0.9696969696969697,79070
FiraCode,tonsky,10,0,Clojure,29,136,943,1343,0.7021593447505584,78157
hugo,gohugoio,11,0,Go,312,2773,7127,7570,0.9414795244385733,78017
supabase,supabase,5,0,TypeScript,19,11114,3834,4161,0.9214131218457101,77428
models,tensorflow,9,0,Python,48,2335,6229,7293,0.8541066776360894,77370
advanced-java,doocs,6,0,Java,1,86,142,147,0.9659863945578231,77004
core,home-assistant,11,0,Python,1000,69558,54284,57202,0.9489877976294535,76542
whisper,openai,2,0,Python,12,110,0,0,0,76292
bun,oven-sh,3,0,Zig,178,4656,6636,10573,0.6276364324222075,76222
spring-boot,spring-projects,12,0,Java,297,42,36476,37038,0.9848263945137427,76160
mermaid,mermaid-js,10,0,TypeScript,142,2252,2008,3120,0.6435897435897436,75725
LeetCodeAnimation,MisterBooo,6,0,Java,0,63,42,61,0.6885245901639344,75690
DeepSeek-R1,deepseek-ai,0,0,Unknown,0,4,108,337,0.32047477744807124,75639
v2rayN,2dust,5,0,C#,230,195,5309,5322,0.9975573092822247,75055
manim,3b1b,9,0,Python,13,624,750,1185,0.6329113924050633,75023
Font-Awesome,FortAwesome,13,0,JavaScript,59,209,15477,19567,0.7909746000919916,74644
open-webui,open-webui,1,0,JavaScript,88,1660,3710,3869,0.958904109589041,74608
llama.cpp,ggml-org,1,0,C++,1000,4072,4189,4532,0.9243159752868491,74349
json-server,typicode,11,0,JavaScript,38,121,546,1161,0.4702842377260982,73621
netdata,netdata,11,0,C,107,9950,7871,8018,0.9816662509353954,73473
awesome-interview-questions,DopplerHQ,9,0,Unknown,0,176,35,62,0.5645161290322581,73187
awesome-vue,vuejs,9,0,Unknown,0,3544,189,223,0.8475336322869955,72559
gpt4all,nomic-ai,1,0,C++,37,927,1474,2115,0.6969267139479906,72463
elasticsearch,elastic,15,0,Java,170,73179,34239,38244,0.8952776906181362,71630
awesome-for-beginners,MunGell,9,0,Unknown,0,431,166,171,0.9707602339181286,71625
github-readme-stats,anuraghazra,4,0,JavaScript,0,1218,1095,1270,0.8622047244094488,71455
ML-For-Beginners,microsoft,3,0,HTML,0,371,136,138,0.9855072463768116,71075
funNLP,fighting41love,6,0,Python,0,14,47,77,0.6103896103896104,70987
vite,vitejs,4,0,TypeScript,521,5094,7276,7721,0.9423649786297111,70668
generative-ai-for-beginners,microsoft,1,0,Jupyter Notebook,0,306,135,138,0.9782608695652174,70574
code-server,coder,5,0,TypeScript,173,1517,3465,3593,0.9643751739493459,69802
stable-diffusion,CompVis,2,0,Jupyter Notebook,0,5,194,720,0.26944444444444443,69572
Front-End-Checklist,thedaviddias,7,0,Unknown,1,179,148,148,1.0,69559
nest,nestjs,8,0,TypeScript,111,6791,5495,5524,0.9947501810282404,69435
playwright,microsoft,5,0,TypeScript,141,14026,14559,15293,0.9520041849212058,69364
moby,moby,12,0,Go,209,20715,19701,22812,0.8636244082062072,69171
HowToCook,Anduin2017,4,0,Dockerfile,3,518,300,676,0.4437869822485207,69037
flask,pallets,14,0,Python,35,1590,2664,2666,0.9992498124531133,68816
node,base,2,0,Shell,41,136,158,206,0.7669902912621359,68569
system-design-101,ByteByteGoHq,1,0,Unknown,0,21,15,50,0.3,68437
reveal.js,hakimel,13,0,JavaScript,47,405,1677,2431,0.6898395721925134,68355
screenshot-to-code,abi,1,0,Python,0,45,274,364,0.7527472527472527,68326
cs-video-courses,Developer-Y,8,0,Unknown,0,158,143,145,0.9862068965517241,68111
swift,swiftlang,9,0,C++,57,52223,9058,16051,0.5643262102049716,68109
redis,redis,15,0,C,78,3939,4540,6619,0.6859042151382384,68002
hoppscotch,hoppscotch,5,0,TypeScript,64,1651,1284,1779,0.7217537942664418,67998
fzf,junegunn,11,0,Go,58,559,2633,2870,0.9174216027874564,67917
devops-exercises,bregman-arie,5,0,Python,0,282,60,92,0.6521739130434783,67754
syncthing,syncthing,11,0,Go,396,2608,5217,5586,0.9339419978517723,67637
dify,langgenius,1,0,TypeScript,119,4942,6108,6432,0.9496268656716418,67495
gpt_academic,binary-husky,1,0,Python,32,221,1464,1693,0.8647371529828707,67488
ComfyUI,comfyanonymous,2,0,Python,36,650,2603,4527,0.5749944775789706,67182
awesome-machine-learning,josephmisiti,10,0,Python,0,849,91,91,1.0,66951
awesome-react,enaqx,10,0,Unknown,0,779,107,108,0.9907407407407407,66794
protobuf,protocolbuffers,10,0,C++,180,6784,6224,6427,0.9684145013225455,66615
grafana,grafana,11,0,TypeScript,491,50829,35032,38917,0.9001721612662846,66489
express,expressjs,15,0,JavaScript,159,409,3827,3930,0.9737913486005089,66314
Best-websites-a-programmer-should-visit,sdmg15,7,0,Unknown,0,427,101,170,0.5941176470588235,65967
d2l-zh,d2l-ai,7,0,Python,16,1020,0,0,0,65767
Chart.js,chartjs,11,0,JavaScript,113,2980,6788,7229,0.9389957117166966,65324
cpython,python,8,0,Python,0,48228,63830,71060,0.8982549957782155,65291
strapi,strapi,9,0,TypeScript,442,8738,9578,10447,0.9168182253278453,65044
webpack,webpack,12,0,JavaScript,421,4842,9864,9993,0.9870909636745722,65024
Ventoy,ventoy,4,0,C,100,280,1569,2369,0.6623047699451245,64802
33-js-concepts,leonardomso,6,0,JavaScript,0,250,81,102,0.7941176470588235,64611
tesseract,tesseract-ocr,10,0,C++,33,1402,2272,2680,0.8477611940298507,64569
superset,apache,9,0,TypeScript,219,13856,10334,11092,0.93166245943022,64446
uptime-kuma,louislam,3,0,JavaScript,109,1217,3167,3874,0.817501290655653,64339
ansible,ansible,12,0,Python,129,38707,32184,32728,0.9833781471522856,64026
interviews,kdn251,8,0,Java,0,42,23,53,0.4339622641509434,63917
gpt4free,xtekky,1,0,Python,244,720,1527,1587,0.9621928166351607,63515
javascript-questions,lydiahallie,5,0,Unknown,0,328,233,245,0.9510204081632653,63384
imgui,ocornut,10,0,C++,108,381,5258,6198,0.8483381736043886,63197
PayloadsAllTheThings,swisskyrepo,8,0,Python,4,537,0,0,0,63195
the-algorithm,twitter,1,0,Scala,0,2,723,988,0.7317813765182186,62913
keras,keras-team,9,0,Python,73,3909,12126,12345,0.9822600243013365,62573
sway,FuelLabs,4,0,Rust,162,3274,2351,3177,0.7400062952470885,62460
sherlock,sherlock-project,6,0,Python,1,638,929,1018,0.912573673870334,62453
obs-studio,obsproject,11,0,C,214,4990,3743,4310,0.8684454756380511,62229
resume.github.com,resume,14,0,JavaScript,0,84,64,119,0.5378151260504201,62222
awesome-public-datasets,awesomedata,10,0,Unknown,1,188,48,118,0.4067796610169492,62025
echarts,apache,11,0,TypeScript,118,1353,16711,18742,0.8916337637391953,61885
tabby,Eugeny,8,0,TypeScript,195,1473,3292,5409,0.6086152708448882,61872
openai-cookbook,openai,2,0,MDX,0,672,479,512,0.935546875,61854
awesome-cpp,fffaraz,10,0,Unknown,0,771,232,576,0.4027777777777778,61827
socket.io,socketio,14,0,TypeScript,75,435,3414,3582,0.9530988274706867,61617
nocode,kelseyhightower,7,0,Dockerfile,1,1,693,4736,0.14632601351351351,61548
caddy,caddyserver,10,0,Go,123,2038,3998,4131,0.9678044057129025,61451
scikit-learn,scikit-learn,14,0,Python,45,12884,9823,11386,0.8627261549271035,61091
redux,reduxjs,9,0,TypeScript,78,1705,2015,2052,0.9819688109161794,61053
Java,TheAlgorithms,8,0,Java,0,1840,1065,1070,0.9953271028037384,60843
n8n,n8n-io,5,0,TypeScript,282,8647,2124,2519,0.8431917427550615,60758
SecLists,danielmiessler,13,0,PHP,26,642,262,276,0.9492753623188406,60752
AppFlowy,AppFlowy-IO,3,0,Dart,97,3486,2405,3291,0.7307809176542085,60675
Apollo-11,chrislgarry,10,0,Assembly,0,341,324,381,0.8503937007874016,60519
awesome-scalability,binhnguyennus,7,0,Unknown,0,35,0,0,0,60459
cs-self-learning,PKUFlyingPig,3,0,HTML,4,265,97,190,0.5105263157894737,60330
atom,atom,13,0,JavaScript,538,3937,16149,17112,0.9437237026647967,60316
lodash,lodash,12,0,JavaScript,2,581,4224,4292,0.9841565703634669,60148
architect-awesome,xingshaocheng,6,0,Unknown,0,49,22,71,0.30985915492957744,60004
Front-end-Developer-Interview-Questions,h5bp,13,0,Nunjucks,0,484,142,176,0.8068181818181818,59971
design-resources-for-developers,bradtraversy,4,0,Unknown,0,938,100,100,1.0,59871
markdown-here,adam-p,12,0,JavaScript,14,25,319,624,0.5112179487179487,59800
awesome-nodejs,sindresorhus,10,0,Unknown,0,414,100,102,0.9803921568627451,59597
jquery,jquery,15,0,JavaScript,10,781,2267,2346,0.9663256606990622,59386
awesome-courses,prakhar1989,10,0,Unknown,0,194,39,80,0.4875,58979
angular.js,angular,15,0,JavaScript,0,789,8647,9038,0.9567382164195618,58769
shadowsocks-windows,shadowsocks,12,0,C#,55,290,2743,2922,0.9387405886379192,58613
new-pac,Alvin9999,8,0,Python,0,0,1284,1702,0.754406580493537,58563
annotated_deep_learning_paper_implementations,labmlai,4,0,Python,0,102,104,135,0.7703703703703704,58527
open-interpreter,OpenInterpreter,1,0,Python,48,367,792,999,0.7927927927927928,58327
docusaurus,facebook,7,0,TypeScript,149,5334,2915,3201,0.9106529209621993,58317
immich,immich-app,3,0,TypeScript,233,5470,4342,4767,0.9108453954268932,58243
fuel-core,FuelLabs,4,0,Rust,113,1357,855,1002,0.8532934131736527,57809
act,nektos,6,0,Go,82,998,1013,1208,0.8385761589403974,57717
localstack,localstack,8,0,Python,88,5710,5544,5813,0.9537244108033718,57702
alacritty,alacritty,9,0,Rust,100,1857,5676,5992,0.9472630173564753,57683
llama,meta-llama,2,0,Python,0,54,647,1067,0.6063730084348641,57610
localsend,localsend,2,0,Dart,23,645,596,1177,0.5063721325403568,57552
spring-framework,spring-projects,14,0,Java,324,851,26168,26428,0.9901619494475556,57317
prometheus,prometheus,12,0,Go,326,7118,5389,5912,0.9115358592692828,57235
html5-boilerplate,h5bp,15,0,JavaScript,34,773,1343,1349,0.9955522609340252,56764
lazygit,jesseduffield,6,0,Go,157,1481,1356,2089,0.6491144088080422,56514
rails,rails,16,0,Ruby,145,24668,17457,17972,0.9713443133763632,56469
rustlings,rust-lang,9,0,Rust,45,904,665,697,0.9540889526542324,56364
nerd-fonts,ryanoasis,10,0,CSS,37,520,1016,1029,0.9873663751214772,56340
nuxt,nuxt,8,0,TypeScript,234,6119,14998,15859,0.9457090611009521,56100
gatsby,gatsbyjs,9,0,JavaScript,149,18147,13887,14092,0.9854527391427761,55723
lobe-chat,lobehub,1,0,TypeScript,1000,1737,2531,3050,0.8298360655737705,55383
DeepLearning-500-questions,scutan90,6,0,JavaScript,0,302,81,191,0.42408376963350786,55367
private-gpt,zylon-ai,1,0,Python,10,226,961,1201,0.8001665278934221,55220
leetcode,azl397985856,6,0,JavaScript,40,257,248,257,0.9649805447470817,55022
you-get,soimort,12,0,Python,123,582,0,0,0,54844
awesome-flutter,Solido,7,0,Dart,0,444,0,0,0,54764
zed,zed-industries,3,0,Rust,718,10753,7951,10829,0.7342321544002216,54332
awesome-chatgpt-prompts-zh,PlexPt,2,0,Unknown,0,33,58,96,0.6041666666666666,54235
element,ElemeFE,8,0,Vue,145,3231,15250,17808,0.8563566936208445,54181
scrapy,scrapy,14,0,Python,39,2251,2650,3084,0.8592736705577172,54168
face_recognition,ageitgey,7,0,Python,2,94,594,1352,0.4393491124260355,54126
react-router,remix-run,10,0,TypeScript,292,2711,7609,7800,0.9755128205128205,54017
ghidra,NationalSecurityAgency,5,0,Java,41,495,3714,5158,0.7200465296626599,53856
leetcode-master,youngyangyang04,5,0,Shell,0,2290,64,249,0.2570281124497992,53846
ChatGPT,lencx,2,0,Rust,34,123,350,1128,0.3102836879432624,53623
tldr,tldr-pages,11,0,Markdown,5,12898,1230,1414,0.8698727015558698,53611
git,git,16,0,C,0,3,0,0,0,53527
Real-Time-Voice-Cloning,CorentinJ,5,0,Python,0,48,890,1088,0.8180147058823529,53515
Prompt-Engineering-Guide,dair-ai,2,0,MDX,0,302,70,207,0.33816425120772947,53316
faceswap,deepfakes,7,0,Python,4,357,844,872,0.9678899082568807,53260
traefik,traefik,9,0,Go,459,4488,5532,6146,0.9000976244712008,53241
gpt-engineer,AntonOsika,1,0,Python,20,351,469,488,0.9610655737704918,53096
normalize.css,necolas,13,0,CSS,0,56,461,512,0.900390625,52783
requests,psf,14,0,Python,12,1565,3818,4005,0.9533083645443196,52504
drawio-desktop,jgraph,7,0,JavaScript,149,20,1442,1524,0.9461942257217848,52454
weekly,ruanyf,6,0,Unknown,0,93,932,5840,0.15958904109589042,52388
openpilot,commaai,8,0,Python,55,10822,2763,2874,0.9613778705636743,52353
yolov5,ultralytics,4,0,Python,10,2178,9159,9356,0.9789439931594699,52346
mkcert,FiloSottile,6,0,Go,14,52,239,340,0.7029411764705882,52274
nocodb,nocodb,7,0,TypeScript,161,4343,3057,3772,0.8104453870625663,51837
hackingtool,Z4nzu,4,0,Python,0,55,318,363,0.8760330578512396,51589
awesome-android-ui,wasabeef,10,0,Unknown,0,90,93,109,0.8532110091743119,51522
ionic-framework,ionic-team,11,0,TypeScript,889,6038,21373,21901,0.9758915118031141,51430
Semantic-UI,Semantic-Org,11,0,JavaScript,154,357,5266,6232,0.8449935815147626,51146
bat,sharkdp,6,0,Rust,41,1387,1153,1448,0.7962707182320442,51110
material-design-icons,google,10,0,Unknown,16,48,1143,1481,0.7717758271438218,51100
Magisk,topjohnwu,8,0,C++,143,1529,5989,6021,0.9946852682278692,50881
anime,juliangarnier,8,0,JavaScript,15,72,509,720,0.7069444444444445,50872
project-layout,golang-standards,7,0,Makefile,0,91,44,110,0.4,50846
rich,Textualize,5,0,Python,168,806,1168,1362,0.8575624082232012,50754
guava,google,10,0,Java,48,818,2968,3599,0.8246735204223395,50520
Stirling-PDF,Stirling-Tools,2,0,Java,111,1446,888,1087,0.8169273229070837,50441
ripgrep,BurntSushi,8,0,Rust,72,510,1543,1659,0.9300783604581073,50318
pi-hole,pi-hole,10,0,Shell,107,1965,2849,2878,0.9899235580264072,50240
zustand,pmndrs,5,0,TypeScript,92,739,681,684,0.9956140350877193,50193
minio,minio,10,0,Go,509,9747,7584,7606,0.9971075466736786,50151
kotlin,JetBrains,13,0,Kotlin,247,2063,0,0,0,50000
prettier,prettier,8,0,JavaScript,122,8445,5594,6779,0.8251954565570143,49951
grok-1,xai-org,0,0,Python,0,5,139,217,0.6405529953917051,49912
pdf.js,mozilla,13,0,JavaScript,70,7752,9687,10071,0.9618707179028895,49712
Docker-OSX,sickcodes,4,0,Shell,0,105,275,645,0.4263565891472868,49673
uBlock,gorhill,9,0,JavaScript,273,246,3433,3445,0.9965166908563134,49654
jekyll,jekyll,16,0,Ruby,112,3178,4765,4871,0.9782385547115582,49593
bulma,jgthms,9,0,CSS,21,638,2379,2690,0.8843866171003717,49569
github-cheat-sheet,tiimgreen,10,0,Unknown,0,129,48,70,0.6857142857142857,49557
dive,wagoodman,6,0,Go,26,141,166,337,0.49258160237388726,49475
meilisearch,meilisearch,6,0,Rust,239,1923,1943,2128,0.9130639097744361,49241
DefinitelyTyped,DefinitelyTyped,12,0,TypeScript,1,50985,7513,8077,0.9301720935991086,49202
astro,withastro,3,0,TypeScript,1000,6819,5028,5167,0.973098509773563,49127
segment-anything,facebookresearch,1,0,Jupyter Notebook,0,16,172,686,0.25072886297376096,48848
rclone,rclone,10,0,Go,108,2006,4676,5609,0.8336601889819932,48794
core,vuejs,6,0,TypeScript,238,2948,4868,5514,0.8828436706565107,48791
chinese-poetry,chinese-poetry,8,0,JavaScript,1,135,91,205,0.44390243902439025,48694
awesome-rust,rust-unofficial,10,0,Rust,0,1478,126,136,0.9264705882352942,48667
trackerslist,ngosang,8,0,Unknown,0,1,456,461,0.9891540130151844,48639
marktext,marktext,7,0,JavaScript,36,939,1629,2836,0.5744005641748943,48492
Ghost,TryGhost,11,0,JavaScript,844,12215,6948,6993,0.9935649935649936,48408
etcd,etcd-io,11,0,Go,243,9189,6504,6793,0.9574562049168261,48396
go-ethereum,ethereum,11,0,Go,206,7756,8039,8228,0.9770296548371414,48356
awesome-ios,vsouza,10,0,Swift,0,2233,485,485,1.0,48192
cypress,cypress-io,9,0,JavaScript,358,6605,13380,14774,0.9056450521185867,48167
moment,moment,13,0,JavaScript,0,714,3905,4136,0.9441489361702128,48070
RxJava,ReactiveX,12,0,Java,235,3291,3154,3166,0.9962097283638661,48015
langflow,langflow-ai,2,0,Python,249,3305,1651,1937,0.8523489932885906,47997
hacker-scripts,NARKOZ,9,0,JavaScript,0,63,52,87,0.5977011494252874,47970
powerlevel10k,romkatv,5,0,Shell,33,167,2445,2527,0.9675504550850811,47899
FFmpeg,FFmpeg,13,0,C,0,16,0,0,0,47797
mastodon,mastodon,8,0,Ruby,262,16568,7901,11786,0.6703716273544884,47743
joplin,laurent22,8,0,TypeScript,367,3814,6331,6801,0.930892515806499,47685
dayjs,iamkun,6,1,JavaScript,119,695,840,1715,0.4897959183673469,47431
clash-verge-rev,clash-verge-rev,1,0,TypeScript,42,132,2199,2386,0.9216261525565801,47371
professional-programming,charlax,9,0,Python,0,38,29,29,1.0,47317
hiring-without-whiteboards,poteto,7,0,JavaScript,0,1297,0,0,0,47312
appwrite,appwrite,5,0,TypeScript,104,3309,3253,3825,0.8504575163398693,47192
algorithm-visualizer,algorithm-visualizer,8,0,JavaScript,0,183,75,114,0.6578947368421053,47130
gitea,go-gitea,8,0,Go,204,16940,11604,14143,0.8204765608428197,47116
ImHex,WerWolv,4,0,C++,74,590,1061,1266,0.8380726698262243,47070
starship,starship,5,0,Rust,134,2780,1717,2376,0.7226430976430976,47020
big-list-of-naughty-strings,minimaxir,9,0,Python,0,90,32,101,0.31683168316831684,46962
first-contributions,firstcontributions,8,0,Unknown,0,79437,820,842,0.9738717339667459,46835
awesome-wechat-weapp,justjavac,8,0,Unknown,0,275,0,0,0,46711
Motrix,agalwood,6,0,JavaScript,21,192,588,1323,0.4444444444444444,46664
serverless,serverless,9,0,JavaScript,430,4721,5314,6446,0.8243872168786844,46591
PaddleOCR,PaddlePaddle,4,0,Python,16,2592,9406,9430,0.9974549310710499,46421
julia,JuliaLang,13,0,Julia,171,24901,20681,24674,0.8381697333225258,46413
llm-course,mlabonne,1,0,Jupyter Notebook,0,1,27,74,0.36486486486486486,46400
PowerShell,PowerShell,9,0,C#,180,7274,11698,12671,0.9232104806250493,46399
100-Days-Of-ML-Code,Avik-Jain,6,0,Unknown,0,6,0,0,0,46385
alist,AlistGo,4,0,Go,124,771,3598,3952,0.9104251012145749,46344
MetaGPT,geekan,1,0,Python,21,646,708,755,0.937748344370861,46211
okhttp,square,12,0,Kotlin,0,3514,3968,4111,0.965215276088543,46146
design-patterns-for-humans,kamranahmedse,8,0,Unknown,0,50,47,52,0.9038461538461539,45939
OpenHands,All-Hands-AI,0,0,Python,41,3378,1960,2207,0.8880833710919801,45936
react,typescript-cheatsheets,6,0,JavaScript,0,370,212,216,0.9814814814814815,45910
learn-regex,ziishaned,7,0,Unknown,0,124,35,86,0.4069767441860465,45880
Projects,karan,11,0,Unknown,0,19,33,74,0.44594594594594594,45764
v2ray-core,v2ray,9,0,Go,247,203,2576,2583,0.997289972899729,45757
AFFiNE,toeverything,2,0,TypeScript,411,6268,2094,2424,0.8638613861386139,45696
gogs,gogs,11,0,Go,82,1739,4214,5113,0.8241736749462155,45479
x64dbg,x64dbg,9,0,C++,2,698,1918,2538,0.7557131599684791,45412
huginn,huginn,11,0,Ruby,1,1041,1568,2153,0.7282861124013005,44876
architecture-samples,android,9,0,Kotlin,0,230,346,480,0.7208333333333333,44759
quill,slab,12,0,TypeScript,95,379,3261,3705,0.8801619433198381,44591
pandas,pandas-dev,14,0,Python,109,26480,23583,27198,0.8670858151334657,44584
meteor,meteor,13,0,JavaScript,0,2393,8878,9149,0.9703792764236528,44561
jest,jestjs,11,0,TypeScript,203,5591,7711,7986,0.9655647382920111,44503
pixijs,pixijs,12,0,TypeScript,283,3569,5461,5828,0.9370281400137268,44502
30-Days-Of-Python,Asabeneh,5,0,Python,0,55,75,126,0.5952380952380952,44481
json,nlohmann,11,0,C++,44,805,2231,2278,0.979367866549605,44416
type-challenges,type-challenges,4,0,TypeScript,0,574,3635,34935,0.10405037927579791,44387
AdminLTE,ColorlibHQ,11,0,Astro,75,1539,2734,2862,0.9552760307477288,44328
terraform,hashicorp,10,0,Go,347,12183,19438,21245,0.9149446928689103,44162
30-Days-Of-JavaScript,Asabeneh,5,0,JavaScript,0,98,59,167,0.3532934131736527,43933
fuels-ts,FuelLabs,3,1,TypeScript,143,1847,1309,1397,0.937007874015748,43908
fuels-rs,FuelLabs,3,1,Rust,110,854,548,633,0.8657187993680885,43903
open-source-ios-apps,dkhamsing,10,0,Unknown,37,1244,299,299,1.0,43901
Deep-Live-Cam,hacksider,1,0,Python,4,69,626,634,0.9873817034700315,43883
PythonDataScienceHandbook,jakevdp,8,0,Jupyter Notebook,0,28,78,199,0.39195979899497485,43857
query,TanStack,5,0,TypeScript,1000,2440,1962,2020,0.9712871287128713,43785
pocketbase,pocketbase,2,0,Go,191,49,1689,1709,0.9882972498537156,43729
hyper,vercel,8,0,TypeScript,88,3291,2866,3784,0.757399577167019,43709
parcel,parcel-bundler,7,0,JavaScript,39,2576,4899,5415,0.9047091412742382,43656
zx,google,3,0,JavaScript,79,368,450,464,0.9698275862068966,43579
htmx,bigskysoftware,4,0,JavaScript,24,870,927,1475,0.6284745762711864,43548
awesome-react-components,brillout,8,0,Unknown,0,324,44,51,0.8627450980392157,43535
TensorFlow-Examples,aymericdamien,9,0,Jupyter Notebook,0,88,70,236,0.2966101694915254,43527
build-web-application-with-golang,astaxie,12,0,Go,0,757,182,303,0.6006600660066007,43434
babel,babel,10,0,TypeScript,426,6057,8286,8917,0.9292362902321408,43418
retrofit,square,14,0,HTML,2,1048,2608,2731,0.9549615525448554,43305
CppCoreGuidelines,isocpp,9,0,CSS,4,807,950,1193,0.7963118189438391,43266
Fooocus,lllyasviel,1,0,Python,21,447,1366,1564,0.8734015345268542,43241
discourse,discourse,12,0,Ruby,0,27342,0,0,0,43218
frontend-dev-bookmarks,dypsilon,11,0,Unknown,1,129,82,107,0.7663551401869159,43212
jadx,skylot,11,0,Java,30,524,1386,1791,0.7738693467336684,42831
open-source-mac-os-apps,serhii-londar,7,0,Unknown,0,523,158,206,0.7669902912621359,42778
awesome-java,akullpp,10,0,Unknown,0,691,133,135,0.9851851851851852,42771
react-use,streamich,6,0,TypeScript,256,1520,244,587,0.41567291311754684,42505
brew,Homebrew,8,0,Ruby,410,12055,4545,4617,0.9844054580896686,42503
text-generation-webui,oobabooga,2,0,Python,58,1072,3581,3788,0.9453537486800423,42470
grpc,grpc,10,0,C++,337,19581,10922,11588,0.9425267518122196,42432
react-hook-form,react-hook-form,5,0,TypeScript,563,1993,4604,4638,0.9926692539887882,42423
front-end-interview-handbook,yangshun,7,0,MDX,0,310,87,100,0.87,42327
kubernetes-the-hard-way,kelseyhightower,8,0,Unknown,0,71,300,421,0.7125890736342043,42306
lx-music-desktop,lyswhut,5,0,TypeScript,109,74,1183,1989,0.5947712418300654,42259
Leaflet,Leaflet,14,0,JavaScript,31,2989,4801,5217,0.9202606862181331,42042
git-flight-rules,k88hudson,10,0,Unknown,0,224,55,73,0.7534246575342466,41997
pm2,Unitech,11,0,JavaScript,124,550,4072,5032,0.809220985691574,41904
Rocket.Chat,RocketChat,9,0,TypeScript,1000,13505,13595,16115,0.8436239528389698,41892
lazydocker,jesseduffield,5,0,Go,42,186,185,342,0.5409356725146199,41828
vaultwarden,dani-garcia,7,0,Rust,69,912,2191,2200,0.9959090909090909,41789
dbeaver,dbeaver,9,0,Java,217,5502,15575,18411,0.8459616533594047,41764
Alamofire,Alamofire,10,0,Swift,102,650,2741,2777,0.9870363701836514,41632
awesome-cheatsheets,LeCoupa,7,0,JavaScript,0,169,57,92,0.6195652173913043,41587
edex-ui,GitSquared,8,0,JavaScript,29,399,553,559,0.9892665474060823,41571
JeecgBoot,jeecgboot,6,0,Java,52,87,6737,6772,0.9948316597755463,41497
yarn,yarnpkg,9,0,JavaScript,152,1654,4730,6597,0.7169925723813855,41493
monaco-editor,microsoft,8,0,JavaScript,91,463,3133,3747,0.8361355751267681,41428
awesome-design-patterns,DovAmir,6,0,Unknown,0,31,5,15,0.3333333333333333,41266
acme.sh,acmesh-official,9,0,Shell,44,1370,2166,3179,0.6813463353255741,41155
prisma,prisma,5,0,TypeScript,207,5718,8641,10868,0.7950864924549135,41146
FreeDomain,DigitalPlatDev,0,0,HTML,0,0,0,0,0,41080
ChatGLM-6B,THUDM,1,0,Python,0,49,749,1305,0.5739463601532567,41037
vue2-elm,bailicangdu,8,0,Vue,0,21,512,628,0.8152866242038217,41036
reactjs-interview-questions,sudheerj,6,0,JavaScript,0,157,101,107,0.9439252336448598,41015
what-happens-when,alex,11,0,Unknown,0,108,53,291,0.18213058419243985,40935
python-patterns,faif,12,0,Python,0,265,78,89,0.8764044943820225,40921
metabase,metabase,10,0,Clojure,616,27946,17768,21596,0.8227449527690313,40745
pyenv,pyenv,12,0,Roff,120,936,1747,1809,0.9657269209508016,40737
dubbo,apache,12,0,Java,107,5568,6335,7127,0.8888732987231655,40722
styled-components,styled-components,8,0,TypeScript,172,953,2639,2924,0.902530779753762,40656
odoo,odoo,10,0,Python,0,6179,15009,18023,0.8327692393053321,40606
LLaMA-Factory,hiyouga,1,0,Python,32,385,5640,5916,0.9533468559837728,40542
spark,apache,10,0,Scala,0,7,0,0,0,40523
GPT-SoVITS,RVC-Boss,1,0,Python,1,274,801,1493,0.5365036838580041,40510
swiper,nolimits4web,12,0,JavaScript,81,592,5477,5645,0.9702391496899911,40509
nw.js,nwjs,13,0,JavaScript,0,575,6430,7359,0.8737600217420846,40490
uni-app,dcloudio,6,0,JavaScript,0,321,3635,4686,0.7757148954332053,40406
diagrams,mingrammer,5,0,Python,43,301,213,519,0.41040462427745666,40284
vuetify,vuetifyjs,8,0,TypeScript,576,4061,13919,14463,0.9623867800594621,40211
CPlusPlusThings,Light-City,5,0,C++,0,72,218,226,0.9646017699115044,40179
stablediffusion,Stability-AI,2,0,Python,0,18,76,318,0.2389937106918239,40091
kong,Kong,10,0,Lua,144,6366,4418,4472,0.9879248658318426,40090
ailearning,apachecn,7,0,Python,2,478,126,128,0.984375,40086
sentry,getsentry,14,0,Python,144,62379,12489,14561,0.8577020809010371,40021
hexo,hexojs,12,0,TypeScript,114,932,3886,3964,0.9803229061553986,39976
fastlane,fastlane,10,0,Ruby,548,6212,12471,13080,0.953440366972477,39887
LLMs-from-scratch,rasbt,1,0,Jupyter Notebook,0,267,120,120,1.0,39833
maybe,maybe-finance,1,0,Ruby,23,841,508,547,0.9287020109689214,39793
uv,astral-sh,1,0,Rust,155,5712,4035,5231,0.7713630281017014,39600
black,psf,6,0,Python,46,1533,2323,2666,0.8713428357089272,39590
autogen,microsoft,1,0,Python,74,2047,1912,2425,0.7884536082474227,39514
nvm-windows,coreybutler,10,0,Go,23,107,815,890,0.9157303370786517,39460
nanoGPT,karpathy,2,0,Python,0,45,105,324,0.32407407407407407,39331
iina,iina,8,0,Swift,44,775,2303,4022,0.5726006961710591,39326
cobra,spf13,11,0,Go,23,604,970,1178,0.8234295415959253,39174
fanqiang,bannedbook,10,0,Kotlin,3,3,458,779,0.5879332477535302,39172
ColossalAI,hpcaitech,3,0,Python,47,3611,1275,1676,0.7607398568019093,39073
ClickHouse,ClickHouse,8,0,C++,620,44314,18927,22731,0.8326514451629933,39001
termux-app,termux,9,0,Java,91,160,2405,2760,0.8713768115942029,38942
cheat.sh,chubin,7,0,Python,0,124,130,251,0.5179282868525896,38942
llama_index,run-llama,2,0,Python,358,6058,5228,5871,0.8904786237438256,38927
materialize,Dogfalo,10,0,JavaScript,41,449,4599,5223,0.8805284319356692,38868
tldraw,tldraw,3,0,TypeScript,59,2813,1162,1424,0.8160112359550562,38857
airflow,apache,9,0,Python,93,24476,9610,10711,0.8972084772663617,38748
Deep-Learning-Papers-Reading-Roadmap,floodsung,8,0,Python,0,28,5,55,0.09090909090909091,38744
tabler,tabler,7,0,HTML,47,589,923,957,0.9644723092998955,38674
php-src,php,13,0,C,7,3702,3033,3798,0.7985781990521327,38669
bert,google-research,6,0,Python,0,32,354,1144,0.3094405594405594,38648
esbuild,evanw,8,0,Go,292,235,3126,3603,0.8676103247293921,38550
chinese-independent-developer,1c7,7,0,Unknown,0,267,161,162,0.9938271604938271,38532
chakra-ui,chakra-ui,5,0,TypeScript,1000,2642,3950,3959,0.997726698661278,38509
v2rayNG,2dust,5,0,Kotlin,225,406,3121,3133,0.996169805298436,38467
video.js,videojs,14,0,JavaScript,328,1793,4792,5331,0.8988932658037891,38419
wrk,wg,12,0,C,0,0,262,405,0.6469135802469136,38404
cli,cli,5,0,Go,156,2374,3902,4616,0.8453206239168111,38291
50projects50days,bradtraversy,4,0,CSS,0,42,0,0,0,38182
Made-With-ML,GokuMohandas,6,0,Jupyter Notebook,0,147,57,73,0.7808219178082192,38169
bevy,bevyengine,5,0,Rust,35,4899,4220,6304,0.6694162436548223,37939
vllm,vllm-project,2,0,Python,49,4539,5219,6480,0.8054012345679012,37933
English-level-up-tips,byoungd,7,0,HTML,0,26,72,99,0.7272727272727273,37929
tidb,pingcap,9,0,Go,205,31402,16326,20060,0.8138584247258225,37915
mitmproxy,mitmproxy,15,0,Python,71,2523,3138,3464,0.9058891454965358,37909
styleguide,google,9,0,HTML,0,172,233,343,0.6793002915451894,37849
zju-icicles,QSCTech,8,0,HTML,0,221,67,77,0.8701298701298701,37814
MPAndroidChart,PhilJay,10,0,Java,44,190,2894,4957,0.5838208593907606,37809
FastChat,lm-sys,1,0,Python,14,848,1063,1859,0.5718128025820334,37777
whisper.cpp,ggerganov,2,0,C++,24,623,714,1523,0.46881155613919895,37758
impress.js,impress,13,0,JavaScript,15,121,426,481,0.8856548856548857,37702
TTS,coqui-ai,4,0,Python,98,467,1133,1148,0.9869337979094077,37692
phaser,phaserjs,11,0,JavaScript,163,1703,4396,4462,0.9852084267144778,37545
gorm,go-gorm,11,0,Go,2,730,5471,5879,0.9306004422520837,37501
typst,typst,5,0,Rust,20,1534,2216,2937,0.7545114061967995,37479
streamlit,streamlit,5,0,Python,90,4570,3863,4810,0.8031185031185031,37464
vim,vim,9,0,Vim Script,0,438,7068,8526,0.82899366643209,37459
EasySpider,NaiboWang,4,0,JavaScript,10,40,444,601,0.7387687188019967,37415
awesome-compose,docker,5,0,HTML,0,149,40,123,0.3252032520325203,37365
zig,ziglang,9,0,Zig,18,8479,8958,12017,0.7454439543979362,37356
coolify,coollabsio,4,0,PHP,587,1428,1890,2267,0.8337009263343625,37342
quivr,QuivrHQ,1,0,Python,354,1798,1486,1523,0.9757058437294813,37298
expo,expo,8,0,TypeScript,0,15687,15164,15659,0.9683887860016603,37285
free,freefq,4,0,Unknown,0,0,189,691,0.2735166425470333,37281
Open-Assistant,LAION-AI,2,0,Python,127,1616,1417,1643,0.8624467437614121,37233
WeChatMsg,LC044,2,0,Python,33,62,385,443,0.8690744920993227,37220
markitdown,microsoft,0,0,HTML,3,78,55,457,0.12035010940919037,37212
freecodecamp.cn,FreeCodeCampChina,8,0,CSS,0,55,445,585,0.7606837606837606,37174
jellyfin,jellyfin,6,0,C#,84,4461,6328,6748,0.9377593360995851,37161
preact,preactjs,9,0,JavaScript,218,1781,1779,1850,0.9616216216216216,37155
leveldb,google,10,0,C++,21,64,535,771,0.6939040207522698,37087
TrafficMonitor,zhongyang219,7,0,C++,26,52,675,1776,0.38006756756756754,37066
memos,usememos,3,0,Go,75,1602,2169,2196,0.9877049180327869,37023
tutorials,eugenp,11,0,Java,0,12964,748,778,0.961439588688946,37000
bark,suno-ai,1,0,Jupyter Notebook,0,19,234,455,0.5142857142857142,36940
shellcheck,koalaman,12,0,Haskell,29,286,1671,2739,0.6100766703176341,36918
anything-llm,Mintplex-Labs,1,0,JavaScript,10,843,1862,2084,0.8934740882917467,36886
python-cheatsheet,gto76,7,0,Python,0,14,61,66,0.9242424242424242,36841
curl,curl,14,0,C,87,189,4870,4887,0.9965213832617148,36831
ant-design-pro,ant-design,7,0,TypeScript,26,972,9512,9696,0.981023102310231,36791
interview_internal_reference,0voice,5,0,Python,0,35,18,46,0.391304347826087,36781
pure-bash-bible,dylanaraps,6,0,Shell,0,28,33,76,0.4342105263157895,36778
DeepSpeed,deepspeedai,5,0,Python,86,2552,1970,2969,0.6635230717413271,36738
awesome-remote-job,lukasz-madon,10,0,Unknown,0,582,71,73,0.9726027397260274,36714
aria2,aria2,14,0,C++,24,252,818,1870,0.4374331550802139,36693
ultralytics,ultralytics,2,0,Python,149,2800,9610,10344,0.9290409899458624,36528
istio,istio,8,0,Go,372,27199,20016,20494,0.9766761003220454,36483
tmux,tmux,9,0,C,37,1,3523,3572,0.9862821948488242,36470
photoprism,photoprism,7,0,Go,71,700,1783,2257,0.7899867080194949,36440
penpot,penpot,9,0,Clojure,46,3530,1308,1708,0.765807962529274,36414
jsoncrack.com,AykutSarac,3,0,TypeScript,20,83,212,242,0.8760330578512396,36404
GFPGAN,TencentARC,3,0,Python,8,14,129,482,0.2676348547717842,36313
JavaFamily,AobingJava,5,0,Unknown,0,2,60,63,0.9523809523809523,36277
novu,novuhq,3,0,TypeScript,40,5060,1321,1545,0.8550161812297734,36276
freqtrade,freqtrade,7,0,Python,94,5529,4969,5004,0.9930055955235811,36196
ragflow,infiniflow,1,0,Python,21,2191,1436,2405,0.5970893970893971,36183
Summer2025-Internships,SimplifyJobs,4,0,Unknown,0,1668,2836,2838,0.9992952783650458,36165
OpenBB,OpenBB-finance,4,0,Python,42,4016,2168,2204,0.9836660617059891,36143
manifesto,opentofu,1,0,HTML,0,764,13,26,0.5,36137
aspnetcore,dotnet,10,0,C#,243,16873,32508,36044,0.9018976806125846,36094
gradio,gradio-app,6,0,Python,1000,4264,4882,5334,0.9152605924259467,36063
deeplearningbook-chinese,exacity,8,0,TeX,7,16,138,202,0.6831683168316832,36057
taro,NervJS,6,0,TypeScript,186,3270,10499,11924,0.8804931231130493,36048
v,vlang,6,0,V,245,11616,8147,9109,0.8943901635744868,36038
AI-For-Beginners,microsoft,3,0,Jupyter Notebook,0,167,101,121,0.8347107438016529,36025
wtfpython,satwikkansal,7,0,Python,2,109,142,214,0.6635514018691588,36020
trpc,trpc,4,0,TypeScript,200,3509,1076,1182,0.9103214890016921,35994
tesseract.js,naptha,9,0,JavaScript,55,190,680,713,0.9537166900420757,35977
arthas,alibaba,6,0,Java,58,529,1693,2052,0.8250487329434698,35968
Files,files-community,6,0,C#,123,5119,9807,10269,0.9550102249488752,35952
wtfjs,denysdovhan,7,0,JavaScript,25,124,96,115,0.8347826086956521,35930
og-aws,open-guides,8,0,Shell,0,498,87,227,0.3832599118942731,35879
DragGAN,XingangPan,1,0,Python,0,18,46,190,0.24210526315789474,35851
lerna,lerna,9,0,TypeScript,239,975,2267,2653,0.8545043347154165,35830
helix,helix-editor,4,0,Rust,28,3885,4177,4880,0.8559426229508197,35829
pandoc,jgm,14,0,Haskell,143,1638,6749,7774,0.868150244404425,35828
ruff,astral-sh,2,0,Rust,347,8886,4926,6157,0.800064966704564,35806
MockingBird,babysor,3,0,Python,1,81,411,886,0.463882618510158,35772
devdocs,freeCodeCamp,11,0,Ruby,0,838,1017,1197,0.849624060150376,35741
appsmith,appsmithorg,4,0,TypeScript,266,13232,18443,22575,0.8169656699889258,35656
insomnia,Kong,8,0,JavaScript,494,3022,3067,3720,0.8244623655913978,35655
zod,colinhacks,4,0,TypeScript,92,531,1581,2065,0.7656174334140435,35565
fd,sharkdp,7,0,Rust,40,611,769,875,0.8788571428571429,35564
shadowsocks-android,shadowsocks,12,0,Kotlin,185,256,2460,2502,0.9832134292565947,35477
hello-algorithm,geekxh,4,0,Java,0,26,32,44,0.7272727272727273,35467
googletest,google,9,0,C++,10,810,1968,2277,0.8642951251646904,35436
daisyui,saadeghi,4,0,Svelte,53,347,1577,1690,0.9331360946745562,35418
ray,ray-project,8,0,Python,100,24471,15740,19442,0.8095874909988684,35416
interview,huihut,7,0,C++,0,35,40,64,0.625,35393
sheetjs,SheetJS,12,0,Unknown,0,106,2267,2384,0.9509228187919463,35390
fullPage.js,alvarotrigo,11,0,JavaScript,101,315,3978,4113,0.9671772428884027,35382
gym,openai,8,0,Python,19,999,1725,1838,0.9385201305767138,35359
koa,koajs,11,0,JavaScript,2,501,894,911,0.9813391877058177,35339
date-fns,date-fns,10,0,TypeScript,122,1068,1356,1954,0.6939611054247697,35300
RSSHub,DIYgod,6,0,TypeScript,0,10089,5447,5774,0.9433668167648077,35225
lottie-android,airbnb,8,0,Java,55,702,1726,1749,0.9868496283590623,35191
Flowise,FlowiseAI,1,0,TypeScript,62,1058,1269,1714,0.7403733955659276,35124
spotube,KRTirtho,4,0,Dart,37,231,971,1540,0.6305194805194805,35119
nativefier,nativefier,9,0,TypeScript,99,261,982,1238,0.7932148626817448,35080
fiber,gofiber,5,0,Go,124,1556,1388,1483,0.9359406608226568,35018
hackathon-starter,sahat,11,0,JavaScript,16,324,649,657,0.9878234398782344,34981
lapce,lapce,7,0,Rust,31,1159,1164,1943,0.5990735975295934,34970
955.WLB,formulahendry,5,0,Unknown,0,18,82,262,0.31297709923664124,34956
Awesome-Design-Tools,goabstract,6,0,JavaScript,0,283,25,41,0.6097560975609756,34926
awesome-react-native,jondot,9,0,JavaScript,0,912,35,72,0.4861111111111111,34916
slidev,slidevjs,3,0,TypeScript,376,641,1012,1123,0.9011576135351737,34907
carbon,carbon-app,7,0,JavaScript,215,669,627,678,0.9247787610619469,34906
google-research,google-research,6,0,Jupyter Notebook,0,29,335,1283,0.26110678098207324,34905
logseq,logseq,4,0,Clojure,147,2981,6357,7754,0.8198349239102398,34879
upscayl,upscayl,2,0,TypeScript,29,83,804,853,0.9425556858147714,34878
typeorm,typeorm,8,0,TypeScript,32,2024,5855,8269,0.7080662716168823,34864
Pake,tw93,2,0,Rust,31,95,318,350,0.9085714285714286,34863
metasploit-framework,rapid7,13,0,Ruby,0,10924,5734,6150,0.9323577235772358,34800
glide,bumptech,11,0,Java,47,544,3917,4457,0.8788422705855957,34779
cli,httpie,12,0,Python,47,406,718,881,0.8149829738933031,34775
compose,docker,11,0,Go,246,3269,7766,7855,0.9886696371737747,34734
halo,halo-dev,6,0,Java,207,2411,3778,4126,0.9156568104701891,34732
the-way-to-go_ZH_CN,unknwon,11,0,Go,0,592,0,0,0,34729
ToolJet,ToolJet,3,0,JavaScript,283,5532,3995,4667,0.8560102849796443,34684
ccxt,ccxt,7,0,Python,135,12504,9651,10558,0.914093578329229,34579
chatgpt-on-wechat,zhayujie,2,0,Python,61,245,1640,1922,0.8532778355879292,34561
TaskMatrix,chenfei-wu,1,0,Python,0,21,136,356,0.38202247191011235,34539
vim-plug,junegunn,11,0,Vim Script,8,176,957,1026,0.9327485380116959,34525
GitHubDaily,GitHubDaily,6,0,Unknown,0,3,170,479,0.35490605427974947,34478
system-design,karanpratapsingh,2,0,Unknown,0,11,20,21,0.9523809523809523,34467
HanLP,hankcs,10,0,Python,62,79,1416,1424,0.9943820224719101,34412
node-v0.x-archive,nodejs,15,0,Unknown,0,218,6379,6379,1.0,34408
ChatTTS,2noise,0,0,Python,4,209,542,603,0.8988391376451078,34389
caffe,BVLC,11,0,C++,14,1087,3899,4799,0.8124609293602834,34214
formik,jaredpalmer,7,0,TypeScript,196,829,1556,2253,0.6906347092765202,34135
clipboard.js,zenorocha,9,0,JavaScript,42,117,616,626,0.9840255591054313,34102
cal.com,calcom,3,0,TypeScript,384,8840,6295,7181,0.8766188553126305,34048
12306,testerSunshine,7,0,Python,1,31,466,691,0.6743849493487699,34015
awesome-javascript,sorrycc,10,0,Unknown,0,383,87,91,0.9560439560439561,33944
gold-miner,xitu,9,0,Unknown,0,3563,5591,5596,0.9991065046461758,33934
nushell,nushell,5,0,Rust,104,7303,4670,6109,0.7644458994925519,33871
marked,markedjs,13,0,TypeScript,146,1486,1542,1558,0.9897304236200257,33839
REKCARC-TSC-UHT,PKUanonym,5,0,HTML,0,159,30,31,0.967741935483871,33833
spacedrive,spacedriveapp,3,0,TypeScript,25,1880,386,496,0.7782258064516129,33831
netty,netty,14,0,Java,0,3912,5979,6558,0.9117108874656907,33782
awesome-shell,alebcay,10,0,Unknown,0,307,22,57,0.38596491228070173,33740
jieba,fxsjy,12,0,Python,9,96,227,853,0.2661195779601407,33685
react-beautiful-dnd,atlassian,7,0,JavaScript,68,530,1044,1613,0.6472411655300682,33650
shadowsocks,shadowsocks,12,0,Python,2,70,0,0,0,33600
AndroidUtilCode,Blankj,8,0,Java,117,88,1278,1580,0.8088607594936709,33442
Langchain-Chatchat,chatchat-space,1,0,TypeScript,31,616,3829,4038,0.9482417038137692,33428
spring-boot-demo,xkcoding,7,0,Java,0,15,73,169,0.4319526627218935,33372
AFNetworking,AFNetworking,13,1,Objective-C,40,710,0,0,0,33352
LeetCode-Go,halfrost,7,0,Go,4,178,63,79,0.7974683544303798,33317
sqlmap,sqlmapproject,12,0,Python,10,169,5230,5281,0.9903427381177807,33314
brackets,adobe,13,0,JavaScript,69,4332,7066,9683,0.7297325209129402,33228
XX-Net,XX-net,10,0,Python,388,362,5413,13312,0.40662560096153844,33164
pytorch-image-models,huggingface,6,0,Python,64,436,907,955,0.949738219895288,33159
framework,laravel,12,0,PHP,798,15918,18497,18516,0.9989738604450206,33109
husky,typicode,10,0,JavaScript,80,262,1011,1064,0.950187969924812,33100
easyexcel,alibaba,7,0,Java,14,190,3113,3575,0.8707692307692307,33096
gulp,gulpjs,11,0,JavaScript,23,405,1906,1934,0.9855222337125129,33080
zxing,zxing,13,0,Java,31,317,1290,1296,0.9953703703703703,33052
fastify,fastify,8,0,JavaScript,290,2936,1975,2036,0.9700392927308448,33040
immutable-js,immutable-js,10,0,TypeScript,85,532,1147,1247,0.9198075380914194,33014
faiss,facebookresearch,8,0,C++,18,137,2344,2568,0.9127725856697819,32989
solid,solidjs,6,0,TypeScript,35,363,948,1047,0.9054441260744985,32984
windows,dockur,1,0,Shell,80,325,553,642,0.8613707165109035,32951
leetcode,doocs,6,0,Java,20,3650,48,50,0.96,32945
NewPipe,TeamNewPipe,9,0,Java,135,1604,8105,9273,0.8740429203062655,32909
JavaScript,TheAlgorithms,7,0,JavaScript,0,795,196,203,0.9655172413793104,32872
Coursera-ML-AndrewNg-Notes,fengdu78,7,0,HTML,0,13,15,68,0.22058823529411764,32857
AgentGPT,reworkd,1,0,TypeScript,12,539,337,461,0.7310195227765727,32849
linux-command,jaywcjlove,8,0,Markdown,29,344,122,193,0.6321243523316062,32792
ijkplayer,bilibili,11,0,C,0,35,2540,5361,0.47379220294721136,32735
ShadowsocksX-NG,shadowsocks,8,0,Swift,30,64,1048,1356,0.7728613569321534,32627
carbon-lang,carbon-language,4,0,C++,223,3536,511,623,0.8202247191011236,32623
poetry,python-poetry,6,0,Python,138,2264,5600,6059,0.9242449249050998,32577
Python,geekcomputers,13,0,Python,0,1621,139,438,0.317351598173516,32508
engineering-blogs,kilimchoi,9,0,Ruby,0,681,74,96,0.7708333333333334,32467
harness,harness,11,0,Go,50,1042,1920,1991,0.9643395278754395,32447
milvus,milvus-io,5,0,Go,106,21014,12085,12722,0.9499292564062254,32439
plane,makeplane,2,0,TypeScript,39,4927,697,1106,0.6301989150090416,32370
awesome-awesomeness,bayandin,10,0,Ruby,0,197,52,68,0.7647058823529411,32365
gpt-pilot,Pythagora-io,1,0,Python,0,395,301,543,0.5543278084714549,32351
legado,gedoor,5,0,Kotlin,115,1068,2537,2609,0.9724032196243771,32334
payload,payloadcms,4,0,TypeScript,485,4746,2857,3124,0.9145326504481434,32302
material-design-lite,google,10,0,HTML,14,655,1812,2189,0.8277752398355414,32291
zsh-autosuggestions,zsh-users,11,0,Shell,0,114,453,603,0.7512437810945274,32237
node,inkonchain,0,0,Shell,2,26,5,12,0.4166666666666667,32195
docs,inkonchain,0,0,MDX,0,278,13,27,0.48148148148148145,32150
ink-kit,inkonchain,0,0,TypeScript,0,83,0,2,0.0,32010
portainer,portainer,8,0,TypeScript,136,4777,5226,5763,0.9068193649141072,31998
certbot,certbot,10,0,Python,56,3872,5241,5373,0.9754327191513121,31917
run,The-Run-Philosophy-Organization,2,0,Unknown,0,172,213,255,0.8352941176470589,31891
How-To-Ask-Questions-The-Smart-Way,ryanhanwu,9,0,JavaScript,0,98,20,27,0.7407407407407407,31889
polars,pola-rs,4,0,Rust,202,10303,7693,9833,0.782365503915387,31865
openpose,CMU-Perceptual-Computing-Lab,7,0,C++,15,174,1662,1985,0.83727959697733,31851
beego,beego,12,0,Go,38,1309,3350,3356,0.9982121573301549,31824
chatgpt-web,Chanzhaoyu,2,0,Vue,43,159,1747,1747,1.0,31819
vault,hashicorp,9,0,Go,155,19885,5172,6242,0.8285805831464275,31766
my-tv,lizongying,1,0,C,72,11,774,912,0.8486842105263158,31751
HEU_KMS_Activator,zbezj,5,0,Unknown,40,0,25,161,0.15527950310559005,31748
LLM101n,karpathy,0,0,Unknown,0,0,0,0,0,31722
swc,swc-project,7,0,Rust,619,5047,3323,3719,0.8935197633772519,31678
android-open-project,Trinea,11,0,Unknown,0,204,74,85,0.8705882352941177,31677
mattermost,mattermost,9,0,TypeScript,708,17955,8212,8868,0.9260261614794768,31636
modern-unix,ibraheemdev,4,0,Unknown,0,15,30,81,0.37037037037037035,31601
selenium,SeleniumHQ,12,0,Java,101,2547,10505,10636,0.9876833396013539,31582
AnotherRedisDesktopManager,qishibo,6,0,JavaScript,53,149,916,1037,0.8833172613307618,31524
shardeum,shardeum,0,0,TypeScript,0,163,23,35,0.6571428571428571,31449
ControlNet,lllyasviel,2,0,Python,0,5,138,564,0.24468085106382978,31445
RevokeMsgPatcher,huiyadanli,5,0,C#,20,10,690,755,0.9139072847682119,31386
graphql-engine,hasura,6,0,TypeScript,279,2110,4079,6329,0.6444936008848159,31350
awesome-php,ziadoz,11,0,Unknown,0,444,150,151,0.9933774834437086,31318
awesome-docker,veggiemonk,10,0,Unknown,1,929,127,129,0.9844961240310077,31281
nps,ehang-io,6,0,Go,59,74,697,1190,0.5857142857142857,31260
jax,jax-ml,6,0,Python,118,12063,4463,5954,0.7495801142089352,31256
C-Plus-Plus,TheAlgorithms,8,0,C++,0,667,304,313,0.9712460063897763,31237
yew,yewstack,7,0,MDX,35,1725,1126,1250,0.9008,31223
detectron2,facebookresearch,5,0,Python,10,0,3083,3535,0.8721357850070721,31222
jq,jqlang,12,0,C,13,572,1865,2229,0.8366980708838044,31186
serenity,SerenityOS,6,0,C++,0,19166,3495,4211,0.8299691284730468,31088
learnGitBranching,pcottle,12,0,JavaScript,0,587,459,501,0.9161676646706587,31068
bruno,usebruno,2,0,JavaScript,123,918,1266,2354,0.5378079864061173,31057
swr,vercel,5,0,TypeScript,118,780,808,935,0.8641711229946524,31025
vimrc,amix,12,0,Vim Script,0,107,510,516,0.9883720930232558,31017
rxjs,ReactiveX,9,0,TypeScript,2,2587,2936,3155,0.9305863708399366,31012
html2canvas,niklasvh,13,0,TypeScript,45,186,1657,2601,0.6370626682045367,30974
fairseq,facebookresearch,7,0,Python,16,233,3054,4218,0.7240398293029872,30970
MS-DOS,microsoft,6,0,Assembly,0,37,0,0,0,30949
jQuery-File-Upload,blueimp,14,0,PHP,0,119,3258,3307,0.9851829452676142,30946
HowToLiveLonger,geekan,2,0,Unknown,0,13,103,129,0.7984496124031008,30933
remote-jobs,remoteintech,9,0,JavaScript,0,1250,159,179,0.888268156424581,30932
spaCy,explosion,10,0,Python,127,3581,5523,5682,0.9720168954593453,30912
llvm-project,llvm,8,0,LLVM,123,37465,55751,80509,0.6924815859096498,30885
OpenVoice,myshell-ai,1,0,Python,0,17,55,272,0.20220588235294118,30881
Blog,mqyqingfeng,7,0,Unknown,0,3,100,324,0.30864197530864196,30878
lottie-web,airbnb,9,0,JavaScript,0,136,2122,2880,0.7368055555555556,30870
ShareX,ShareX,11,0,C#,80,743,6048,6625,0.9129056603773585,30826
nacos,alibaba,6,0,Java,76,2942,8570,8798,0.9740850193225733,30825
pnpm,pnpm,9,0,TypeScript,982,2417,2810,4517,0.6220943103829976,30787
pytorch-tutorial,yunjey,7,0,Python,0,28,113,179,0.6312849162011173,30766
aseprite,aseprite,10,0,C++,114,344,2370,4045,0.5859085290482077,30728
remix,remix-run,4,0,TypeScript,155,3363,2301,2577,0.8928987194412107,30704
floating-ui,floating-ui,8,0,TypeScript,467,1111,1381,1411,0.9787384833451452,30659
chatbox,Bin-Huang,1,0,TypeScript,47,53,1290,1771,0.7284020327498588,30650
etcher,balena-io,9,0,TypeScript,283,1725,1807,2300,0.7856521739130434,30602
dotfiles,mathiasbynens,13,0,Shell,0,44,248,392,0.6326530612244898,30568
p3c,alibaba,7,1,Kotlin,0,62,698,858,0.8135198135198135,30553
WxJava,binarywang,9,0,Java,30,987,2237,2265,0.9876379690949227,30525
libpku,lib-pku,6,0,TeX,0,22,31,41,0.7560975609756098,30510
cockroach,cockroachdb,11,0,Go,0,62988,64563,70495,0.9158521880984467,30501
echo,labstack,9,0,Go,108,586,1381,1435,0.9623693379790941,30459
crawl4ai,unclecode,0,0,Python,0,44,403,443,0.909706546275395,30405
v2ray-core,v2fly,5,0,Go,98,862,969,1003,0.9661016949152542,30381
LocalAI,mudler,1,0,Go,69,3036,537,938,0.5724946695095949,30378
spring-boot-examples,ityouknow,8,0,Java,0,7,99,108,0.9166666666666666,30370
slate,ianstormtaylor,8,0,TypeScript,186,1878,2502,3154,0.7932783766645529,30352
YesPlayMusic,qier222,4,0,Vue,31,283,1188,1781,0.6670409882088714,30325
linux-insides,0xAX,10,0,Python,0,577,152,184,0.8260869565217391,30323
lede,coolsnowwolf,7,0,C,6,1987,8180,8922,0.9168347904057387,30315
NeteaseCloudMusicApi,Binaryify,8,1,Unknown,0,292,1190,1337,0.8900523560209425,30308
rufus,pbatard,13,0,C,81,1,2423,2431,0.9967091731797614,30241
mmdetection,open-mmlab,6,0,Python,53,2359,6732,8427,0.7988608045567818,30236
CyberChef,gchq,8,0,JavaScript,447,466,596,1005,0.5930348258706468,30226
Sortable,SortableJS,11,0,JavaScript,30,246,1342,1800,0.7455555555555555,30054
calculator,microsoft,6,0,C++,0,877,713,1074,0.6638733705772812,30039
HEAD,joshbuchea,8,0,Unknown,0,86,73,93,0.7849462365591398,30017
symfony,symfony,15,0,PHP,537,23408,20210,20724,0.975197838255163,30011
layui,layui,9,0,JavaScript,135,532,1155,1202,0.9608985024958403,29957
webtorrent,webtorrent,11,0,JavaScript,210,933,1584,1652,0.9588377723970944,29922
interactive-coding-challenges,donnemartin,9,0,Python,0,176,32,68,0.47058823529411764,29912
minikube,kubernetes,8,0,Go,150,8392,9340,9843,0.948897693792543,29912
manim,ManimCommunity,4,0,Python,29,1832,1178,1589,0.7413467589679044,29904
dokku,dokku,11,0,Shell,294,3912,2718,2762,0.9840695148443157,29894
chatbot-ui,mckaywrigley,1,0,TypeScript,0,281,814,973,0.8365878725590956,29892
go-zero,zeromicro,4,0,Go,125,2165,1511,1729,0.8739155581260845,29888
qBittorrent,qbittorrent,13,0,C++,0,3714,13557,16372,0.8280601026142194,29871
refine,refinedev,4,0,TypeScript,1000,4306,1555,1580,0.9841772151898734,29858
bulletproof-react,alan2207,3,0,TypeScript,0,69,76,107,0.7102803738317757,29857
sharp,lovell,11,0,JavaScript,88,288,3765,3891,0.9676175790285274,29856
outline,outline,8,0,TypeScript,141,2621,2996,3106,0.9645846748229234,29832
tabby,TabbyML,1,0,Rust,185,2644,657,817,0.8041615667074663,29818
stanford_alpaca,tatsu-lab,1,0,Python,0,6,98,271,0.36162361623616235,29817
sequelize,sequelize,14,0,TypeScript,483,4839,9503,10367,0.9166586283399247,29775
vue-cli,vuejs,9,0,JavaScript,177,1258,4558,5492,0.8299344501092498,29762
jsPDF,parallax,15,0,JavaScript,33,709,2405,2521,0.9539865132883776,29751
foundation-sites,foundation,13,0,HTML,79,2958,8180,8229,0.9940454490217523,29715
full-stack-fastapi-template,fastapi,5,0,TypeScript,9,367,253,419,0.60381861575179,29678
mpv,mpv-player,12,0,C,86,3211,9402,10245,0.9177159590043924,29668
fabric.js,fabricjs,14,0,JavaScript,164,2223,5729,6127,0.9350416190631631,29629
Real-ESRGAN,xinntao,3,0,Python,10,21,169,699,0.24177396280400573,29609
winutil,ChrisTitusTech,2,0,PowerShell,17,762,1538,1721,0.8936664729808251,29590
lossless-cut,mifi,8,0,TypeScript,99,192,1350,1527,0.8840864440078585,29571
Reactive-Resume,AmruthPillai,4,0,TypeScript,95,633,1238,1444,0.8573407202216067,29551
leakcanary,square,9,0,Kotlin,43,919,1512,1610,0.9391304347826087,29548
bubbletea,charmbracelet,5,0,Go,55,571,259,326,0.7944785276073619,29547
AI-Expert-Roadmap,AMAI-GmbH,4,0,JavaScript,0,13,46,65,0.7076923076923077,29536
react-boilerplate,react-boilerplate,10,0,JavaScript,16,715,1822,1905,0.9564304461942257,29507
project-guidelines,elsewhencode,7,0,JavaScript,0,114,29,38,0.7631578947368421,29506
hutool,dromara,10,0,Java,148,420,2876,2879,0.9989579715178881,29500
influxdb,influxdata,11,0,Rust,87,10254,11723,13744,0.8529540162980209,29497
editor.js,codex-team,9,0,TypeScript,100,860,919,1503,0.6114437791084497,29492
uppy,transloadit,9,0,TypeScript,132,2956,2234,2373,0.9414243573535609,29490
phantomjs,ariya,14,1,C++,0,562,4731,4745,0.9970495258166491,29482
Umi-OCR,hiroi-sora,2,0,Python,30,45,474,645,0.7348837209302326,29471
cline,cline,0,0,TypeScript,48,123,560,899,0.6229143492769744,29455
kafka,apache,13,0,Java,0,10625,0,0,0,29450
500lines,aosabook,11,0,JavaScript,0,175,39,70,0.5571428571428572,29400
OpenAPI-Specification,OAI,10,0,Markdown,12,1245,2118,2289,0.9252948885976409,29369
netron,lutzroeder,14,0,JavaScript,2,1,1153,1173,0.9829497016197783,29364
Mr.-Ranedeer-AI-Tutor,JushBJJ,1,0,Unknown,3,19,34,47,0.723404255319149,29346
backstage,backstage,5,0,TypeScript,404,17683,6184,6544,0.9449877750611247,29328
Hover,IanLunn,11,0,SCSS,10,23,83,107,0.7757009345794392,29326
apollo,apolloconfig,8,0,Java,41,1419,3153,3293,0.9574855754631035,29325
particles.js,VincentGarreau,10,0,JavaScript,6,21,106,407,0.26044226044226043,29320
unsloth,unslothai,1,0,Python,10,285,635,1339,0.47423450336071693,29311
roop,s0md3v,1,0,Python,6,82,0,0,0,29292
comprehensive-rust,google,2,0,Rust,0,2001,212,318,0.6666666666666666,29283
GPTs,linexjlin,1,0,Unknown,0,45,21,27,0.7777777777777778,29282
tqdm,tqdm,9,0,Python,131,287,584,1012,0.5770750988142292,29270
stats,exelban,5,0,Swift,282,399,1901,1917,0.9916536254564423,29268
servo,servo,13,0,Rust,0,18464,9902,13029,0.7599969299255507,29258
standard,standard,10,0,JavaScript,7,412,1121,1231,0.9106417546709992,29248
awesome-macos-command-line,herrbischoff,9,0,Unknown,0,104,0,0,0,29235
es6features,lukehoban,10,0,Unknown,0,41,36,57,0.631578947368421,29221
algo,trailofbits,8,0,Jinja,2,530,1428,1602,0.8913857677902621,29192
rocksdb,facebook,12,0,C++,200,606,2597,3286,0.7903225806451613,29133
ruoyi-vue-pro,YunaiV,4,0,Java,34,55,509,519,0.9807321772639692,29122
awesome-python-cn,jobbole,9,0,Makefile,0,51,18,31,0.5806451612903226,29097
directus,directus,12,0,TypeScript,327,7719,8430,8962,0.9406382503905378,29085
COVID-19,CSSEGISandData,5,0,Unknown,0,2152,2079,3759,0.553072625698324,29083
cheerio,cheeriojs,13,0,TypeScript,58,2606,1178,1205,0.9775933609958506,29062
alpine,alpinejs,5,0,HTML,136,655,604,604,1.0,29018
pytorch-lightning,Lightning-AI,5,0,Python,163,8829,6352,7217,0.8801441041984204,28988
MonitorControl,MonitorControl,7,0,Swift,26,213,950,956,0.9937238493723849,28982
folly,facebook,12,0,C++,227,12,911,1177,0.7740016992353441,28981
swift-algorithm-club,kodecocodes,9,0,Swift,0,610,183,215,0.8511627906976744,28949
weekly,ascoders,7,0,JavaScript,193,136,363,365,0.9945205479452055,28925
siyuan,siyuan-note,4,0,TypeScript,741,400,13199,13542,0.9746713927041796,28897
CheatSheetSeries,OWASP,6,0,Python,0,993,438,481,0.9106029106029107,28860
data-engineering-zoomcamp,DataTalksClub,3,0,Jupyter Notebook,0,356,132,133,0.9924812030075187,28855
numpy,numpy,14,0,Python,125,12387,11103,13099,0.8476219558744942,28819
composer,composer,13,0,PHP,209,2893,7678,7788,0.9858757062146892,28806
canal,alibaba,12,0,Java,32,463,3551,4646,0.7643133878605252,28804
Data-Science-For-Beginners,microsoft,3,0,Jupyter Notebook,0,293,95,117,0.811965811965812,28802
django-rest-framework,encode,13,0,Python,19,2975,3857,3918,0.9844308320571721,28786
k3s,k3s-io,6,0,Go,823,3728,6313,6438,0.9805840323081703,28782
tiptap,ueberdosis,6,0,TypeScript,850,1031,2419,2941,0.8225093505610337,28780
css-protips,AllThingsSmitty,9,0,Unknown,0,68,59,60,0.9833333333333333,28753
docsify,docsifyjs,8,0,JavaScript,14,691,1132,1275,0.8878431372549019,28751
croc,schollz,7,0,Go,172,228,506,517,0.9787234042553191,28749
todomvc,tastejs,13,0,JavaScript,6,760,661,784,0.8431122448979592,28720
surrealdb,surrealdb,3,0,Rust,65,1795,1265,1934,0.6540847983453981,28684
lighthouse,GoogleChrome,8,0,JavaScript,116,5310,8539,9088,0.9395906690140845,28683
consul,hashicorp,11,0,Go,198,13508,4265,5497,0.7758777515008186,28681
browser-use,browser-use,0,0,Python,34,234,80,323,0.2476780185758514,28678
lux,iawia002,6,0,Go,86,296,539,1044,0.5162835249042146,28666
postcss,postcss,11,0,TypeScript,264,744,983,1006,0.9771371769383698,28650
python-guide,realpython,13,0,Batchfile,0,683,176,269,0.654275092936803,28638
fabric,danielmiessler,1,0,Go,92,255,411,580,0.7086206896551724,28616
server,nextcloud,8,0,PHP,308,25740,17202,19418,0.8858790812648059,28601
slick,kenwheeler,10,0,JavaScript,48,249,2403,3613,0.6650982562967064,28596
SpringAll,wuyouzhuguli,6,0,Java,0,1,27,48,0.5625,28590
mediapipe,google-ai-edge,5,0,C++,59,199,4927,5300,0.929622641509434,28580
linkedin-skill-assessments-quizzes,Ebazhanov,5,0,Unknown,1,5638,807,890,0.9067415730337078,28573
CasaOS,IceWhaleTech,3,0,Go,96,267,833,1424,0.5849719101123596,28541
vuex,vuejs,9,0,JavaScript,51,656,1166,1265,0.9217391304347826,28449
react-spring,pmndrs,6,0,TypeScript,50,429,1141,1243,0.917940466613033,28446
k9s,derailed,6,0,Go,228,719,1373,1925,0.7132467532467532,28427
Hello-Python,mouredev,2,0,Python,0,0,130,147,0.8843537414965986,28424
handson-ml2,ageron,6,0,Jupyter Notebook,0,64,300,514,0.5836575875486382,28398
android_guides,codepath,11,1,Unknown,0,10,219,379,0.5778364116094987,28347
machine-learning-for-software-engineers,ZuzooVn,8,0,Unknown,0,60,9,26,0.34615384615384615,28342
Clone-Wars,GorvGoyl,4,0,Unknown,0,130,70,81,0.8641975308641975,28310
llama3,meta-llama,0,0,Python,0,24,118,284,0.4154929577464789,28303
plyr,sampotts,10,0,JavaScript,88,384,1220,2098,0.5815061963775023,28291
xxl-job,xuxueli,9,0,Java,36,109,2454,3132,0.7835249042145593,28284
async,caolan,14,0,JavaScript,7,554,1133,1139,0.9947322212467077,28222
spring-cloud-alibaba,alibaba,7,0,Java,47,1063,2184,2439,0.8954489544895449,28213
Free-Certifications,cloudcommunity,4,0,Unknown,0,115,67,94,0.7127659574468085,28187
react-three-fiber,pmndrs,5,0,TypeScript,113,618,999,1066,0.9371482176360225,28174
UTM,utmapp,5,0,Swift,118,249,2352,3219,0.7306616961789375,28153
paper-reading,mli,3,0,Unknown,0,14,0,0,0,28114
the-super-tiny-compiler,jamiebuilds,8,1,JavaScript,0,20,0,0,0,28104
backbone,jashkenas,14,0,JavaScript,0,880,2364,2404,0.9833610648918469,28097
puter,HeyPuter,0,0,JavaScript,8,473,381,538,0.70817843866171,28086
immer,immerjs,7,0,JavaScript,109,374,632,665,0.9503759398496241,28064
druid,alibaba,13,0,Java,51,1448,2276,4479,0.5081491404331324,28063
ChatGPT,acheong08,2,0,Python,277,294,794,805,0.986335403726708,28058
trilium,zadam,7,0,JavaScript,297,250,2611,3497,0.7466399771232485,28051
JavaScript30,wesbos,8,0,HTML,0,153,0,0,0,28050
ladybird,LadybirdBrowser,0,0,C++,0,2540,352,691,0.5094066570188133,28048
awesome-cto,kuchin,8,0,Unknown,0,12,9,11,0.8181818181818182,28048
tinygrad,tinygrad,4,0,Python,10,6011,720,862,0.8352668213457076,28002
tuning_playbook,google-research,2,0,Unknown,0,14,34,43,0.7906976744186046,27988
DevToys,DevToys-app,3,0,C#,38,497,654,881,0.7423382519863791,27980
fish-shell,fish-shell,12,0,Rust,45,2006,6943,7373,0.941679099416791,27976
Complete-Python-3-Bootcamp,Pierian-Data,7,0,Jupyter Notebook,0,12,223,361,0.6177285318559557,27974
nginxconfig.io,digitalocean,7,0,JavaScript,0,191,184,238,0.773109243697479,27968
tokio,tokio-rs,8,0,Rust,126,3436,2093,2383,0.878304657994125,27923
reverse-interview,viraptor,5,0,Unknown,0,74,18,25,0.72,27891
filebrowser,filebrowser,9,0,Go,62,526,2441,2525,0.9667326732673267,27857
data-science-ipython-notebooks,donnemartin,10,0,Python,0,31,22,41,0.5365853658536586,27857
viper,spf13,10,0,Go,32,485,478,884,0.5407239819004525,27837
stb,nothings,10,0,C,0,285,687,849,0.8091872791519434,27834
os-tutorial,cfenollosa,10,0,C,0,11,104,176,0.5909090909090909,27817
react-select,JedWatson,10,0,TypeScript,59,1051,3247,3605,0.9006934812760056,27815
xstate,statelyai,9,0,TypeScript,399,1906,1272,1367,0.93050475493782,27794
mantine,mantinedev,4,0,TypeScript,251,1364,2921,2940,0.9935374149659864,27761
cobalt,imputnet,2,0,Svelte,0,199,587,719,0.8164116828929068,27748
waifu2x,nagadomi,9,0,Lua,3,68,209,362,0.5773480662983426,27743
mobx,mobxjs,9,0,TypeScript,112,1143,1911,1962,0.9740061162079511,27730
Charts,ChartsOrg,9,0,Swift,38,418,3380,4266,0.7923112986404126,27725
glances,nicolargo,13,0,Python,49,709,1803,1978,0.9115267947421638,27697
applied-ml,eugeneyan,4,0,Unknown,0,208,22,24,0.9166666666666666,27692
90DaysOfDevOps,MichaelCade,3,0,Shell,2,357,80,89,0.898876404494382,27646
medusa,medusajs,5,0,TypeScript,113,6545,2647,2734,0.9681784930504755,27642
xyflow,xyflow,5,0,TypeScript,294,1244,2013,2112,0.953125,27639
restic,restic,10,0,Go,47,2123,2346,2707,0.8666420391577392,27630
cursor,getcursor,1,0,Unknown,0,46,1075,2439,0.44075440754407547,27619
ink,vadimdemedes,7,0,TypeScript,53,213,290,357,0.8123249299719888,27614
DeepFaceLive,iperov,4,0,Python,35,13,143,144,0.9930555555555556,27607
vhr,lenve,7,0,Java,0,1,96,254,0.3779527559055118,27574
gitbook,GitbookIO,10,0,TypeScript,17,698,1829,1865,0.9806970509383378,27542
jan,janhq,1,0,TypeScript,72,1945,2021,2161,0.93521517815826,27524
GPT_API_free,chatanywhere,1,0,Python,0,1,275,332,0.8283132530120482,27522
diffusers,huggingface,2,0,Python,81,4314,4100,4507,0.9096960284002662,27518
yapi,YMFE,8,0,JavaScript,1,141,921,2447,0.37637923988557415,27489
hosts,StevenBlack,12,0,Python,728,476,1922,2020,0.9514851485148514,27487
Daily-Interview-Question,Advanced-Frontend,6,0,JavaScript,0,15,298,560,0.5321428571428571,27448
helm,helm,9,0,Go,204,3831,7553,7936,0.9517389112903226,27440
ResumeSample,geekcompany,10,0,Unknown,0,2,0,0,0,27404
python-fire,google,7,0,Python,11,118,198,326,0.6073619631901841,27404
underscore,jashkenas,15,0,JavaScript,0,746,1394,1424,0.9789325842696629,27377
textual,Textualize,3,0,Python,159,2003,1921,2089,0.919578745811393,27357
CLIP,openai,4,0,Jupyter Notebook,0,28,189,411,0.45985401459854014,27349
motion,motiondivision,6,0,TypeScript,0,965,1492,1739,0.8579643473260494,27284
Python-programming-exercises,zhiwehu,12,0,Unknown,0,0,17,85,0.2,27276
weui,Tencent,10,0,HTML,51,203,615,668,0.9206586826347305,27255
aos,michalsnik,9,0,JavaScript,0,38,360,700,0.5142857142857142,27252
aider,Aider-AI,1,0,Python,81,181,2292,2769,0.8277356446370531,27250
vnpy,vnpy,9,0,Python,62,1043,2070,2076,0.9971098265895953,27243
mindsdb,mindsdb,6,0,Python,282,4782,4021,4099,0.9809709685289095,27201
Xray-core,XTLS,4,0,Go,76,844,2340,2348,0.9965928449744463,27201
Probabilistic-Programming-and-Bayesian-Methods-for-Hackers,CamDavidsonPilon,12,0,Jupyter Notebook,0,243,90,245,0.3673469387755102,27186
TrackersListCollection,XIU2,5,0,Unknown,0,5,0,0,0,27141
Jobs_Applier_AI_Agent_AIHawk,feder-cr,0,0,Python,0,185,653,678,0.9631268436578171,27141
mongoose,Automattic,14,0,JavaScript,176,3248,10726,10952,0.9793644996347699,27095
JCSprout,crossoverJie,7,0,Java,0,69,59,89,0.6629213483146067,27093
dragonfly,dragonflydb,3,0,C++,91,2721,1248,1453,0.8589125946317963,27084
dnSpy,dnSpy,9,0,C#,1,53,0,0,0,27076
Tvlist-awesome-m3u-m3u8,imDazui,7,0,Unknown,0,1,47,70,0.6714285714285714,27047
firecracker,firecracker-microvm,7,0,Rust,75,2912,1371,1431,0.9580712788259959,27044
commander.js,tj,13,0,JavaScript,82,784,1100,1105,0.995475113122172,27041
awesome-sysadmin,awesome-foss,10,0,Unknown,0,317,86,100,0.86,27011
Retrieval-based-Voice-Conversion-WebUI,RVC-Project,1,0,Python,7,477,1274,1772,0.718961625282167,26999
turborepo,vercel,3,0,Rust,463,5736,1705,1833,0.9301691216584833,26988
Web,qianguyihao,8,0,Unknown,0,0,152,212,0.7169811320754716,26984
legacy-homebrew,Homebrew,15,1,Unknown,0,222,17029,17029,1.0,26959
python-telegram-bot,python-telegram-bot,9,0,Python,121,1526,2205,2220,0.9932432432432432,26952
tdesktop,telegramdesktop,10,0,C++,770,1620,13821,14678,0.9416132988145524,26951
codemirror5,codemirror,14,0,JavaScript,173,594,3788,4195,0.902979737783075,26948
redash,getredash,11,0,Python,99,3220,1939,2532,0.7657977883096366,26910
AdGuardHome,AdguardTeam,8,0,Go,193,121,4535,5550,0.8171171171171171,26908
swagger-ui,swagger-api,13,0,JavaScript,350,3195,4387,5550,0.7904504504504505,26908
coder2gwy,coder2gwy,4,0,Unknown,0,2,28,155,0.18064516129032257,26894
it-tools,CorentinTh,4,0,Vue,10,489,187,549,0.3406193078324226,26869
ace,ajaxorg,14,0,JavaScript,97,1848,3033,3126,0.9702495201535508,26856
rethinkdb,rethinkdb,12,0,C++,72,460,5047,6392,0.7895807259073843,26844
angular-cli,angular,9,0,TypeScript,793,11043,15501,15777,0.9825061798821069,26822
kit,go-kit,10,0,Go,13,479,527,566,0.931095406360424,26815
Faker,fzaninotto,13,1,PHP,12,823,494,570,0.8666666666666667,26797
Avalonia,AvaloniaUI,11,0,C#,98,5093,5908,7467,0.7912146779161645,26788
headlessui,tailwindlabs,4,0,TypeScript,120,588,1244,1340,0.9283582089552239,26775
wails,wailsapp,6,0,Go,227,1369,1663,1917,0.8675013041210224,26770
mongo,mongodb,16,0,C++,0,125,0,0,0,26759
k6,grafana,8,0,Go,68,1905,1521,2195,0.6929384965831435,26752
ghostty,ghostty-org,2,0,Zig,1,1978,1474,1601,0.9206745783885072,26748
rust-course,sunface,6,0,Rust,0,749,148,206,0.7184466019417476,26748
gitflow,nvie,15,0,Shell,0,36,126,364,0.34615384615384615,26747
hangzhou_house_knowledge,houshanren,6,0,CSS,0,6,49,148,0.3310810810810811,26736
taichi,taichi-dev,8,0,C++,117,5154,1867,2679,0.6969018290406869,26719
vue-vben-admin,vbenjs,4,0,Vue,54,1412,3020,3090,0.9773462783171522,26693
openssl,openssl,12,0,C,274,143,8674,10302,0.8419724325373714,26673
fastai,fastai,7,0,Jupyter Notebook,55,1683,1594,1806,0.8826135105204873,26625
react-virtualized,bvaughn,9,0,JavaScript,6,454,1213,1217,0.9967132292522597,26595
xgboost,dmlc,11,0,C++,62,4674,5014,5394,0.9295513533555803,26588
crewAI,crewAIInc,1,0,Python,76,560,997,1119,0.8909740840035746,26581
data-engineer-handbook,DataExpert-io,1,0,Jupyter Notebook,0,140,35,44,0.7954545454545454,26573
so-vits-svc,svc-develop-team,1,0,Python,0,153,108,129,0.8372093023255814,26522
duckdb,duckdb,6,0,C++,46,7057,5219,5535,0.9429087624209576,26503
vagrant,hashicorp,15,0,Ruby,134,2711,8883,9562,0.9289897510980967,26479
Rectangle,rxhanson,5,0,Swift,89,252,570,664,0.858433734939759,26469
30-Days-Of-React,Asabeneh,4,0,JavaScript,0,10,18,76,0.23684210526315788,26453
nodemon,remy,14,0,JavaScript,102,308,1670,1672,0.9988038277511961,26448
cascadia-code,microsoft,5,0,Python,20,84,496,638,0.7774294670846394,26433
the_silver_searcher,ggreer,13,0,C,0,399,412,849,0.48527679623085984,26352
spleeter,deezer,5,0,Python,2,51,561,783,0.7164750957854407,26351
srs,ossrs,9,0,C++,66,463,1259,1460,0.8623287671232877,26351
vscodium,VSCodium,6,0,Shell,212,486,1257,1378,0.9121915820029027,26339
create-t3-app,t3-oss,2,0,TypeScript,135,1087,647,703,0.9203413940256046,26337
GoodbyeDPI,ValdikSS,7,0,C,30,24,566,694,0.8155619596541787,26325
Detectron,facebookresearch,7,0,Python,0,0,620,926,0.6695464362850972,26305
kitty,kovidgoyal,8,0,Python,121,1074,5868,5880,0.9979591836734694,26295
drizzle-orm,drizzle-team,3,0,TypeScript,128,565,1561,2648,0.5895015105740181,26292
quasar,quasarframework,9,0,JavaScript,989,3633,7397,7903,0.9359736808806782,26264
miaosha,qiurunze123,6,1,Java,0,20,80,82,0.975609756097561,26247
nprogress,rstacruz,11,0,JavaScript,7,34,52,155,0.33548387096774196,26247
ChatDev,OpenBMB,1,0,Python,9,110,246,270,0.9111111111111111,26176
cmder,cmderdev,11,0,C++,34,430,2227,2281,0.9763261727312582,26170
emscripten,emscripten-core,14,0,C++,0,11543,7668,9515,0.805885444035733,26161
khoj,khoj-ai,3,0,Python,126,446,447,514,0.8696498054474708,26106
awesome-electron,sindresorhus,9,0,Unknown,0,268,42,44,0.9545454545454546,26103
Signal-Android,signalapp,13,0,Kotlin,79,238,10593,10983,0.9644905763452608,26091
jumpserver,jumpserver,10,0,Python,239,7001,6847,6925,0.9887364620938628,26065
fastText,facebookresearch,8,0,HTML,4,12,611,1077,0.5673166202414113,26062
lottie-ios,airbnb,8,0,Swift,69,719,1414,1440,0.9819444444444444,26031
nginx,nginx,9,0,C,4,51,91,198,0.4595959595959596,26017
darknet,pjreddie,10,0,C,0,10,561,2372,0.23650927487352444,26011
ExplorerPatcher,valinet,3,0,C,287,15,2053,2283,0.8992553657468244,25973
awesome-vscode,viatsko,9,0,JavaScript,0,243,26,50,0.52,25969
next-auth,nextauthjs,7,0,TypeScript,1000,2175,4475,4783,0.935605268659837,25952
select2,select2,12,0,JavaScript,29,713,4717,4824,0.9778192371475953,25949
hacker-laws,dwmkerr,7,0,Shell,1,179,71,209,0.3397129186602871,25945
ItChat,littlecodersh,9,0,Python,13,29,623,905,0.6883977900552486,25933
go-patterns,tmrts,9,0,Go,0,10,13,30,0.43333333333333335,25880
fonts,powerline,12,0,Shell,1,75,98,253,0.38735177865612647,25877
firecrawl,mendableai,0,0,TypeScript,11,413,328,465,0.7053763440860215,25857
DeepSpeech,mozilla,8,0,C++,105,1338,1986,2112,0.9403409090909091,25856
everyone-can-use-english,ZuodaoTech,5,0,TypeScript,46,455,370,428,0.8644859813084113,25806
Telegram,DrKLO,11,0,Java,95,20,0,0,0,25787
table,TanStack,8,0,TypeScript,267,959,2273,2467,0.9213619781110661,25783
refined-github,refined-github,9,0,TypeScript,165,3309,4203,4318,0.9733672996757758,25779
fastjson,alibaba,13,0,Java,84,418,1695,3630,0.4669421487603306,25776
setup-ipsec-vpn,hwdsl2,9,0,Shell,0,44,1480,1480,1.0,25770
fyne,fyne-io,7,0,Go,49,1872,2323,2984,0.778485254691689,25761
fetch,JakeChampion,10,0,JavaScript,56,197,647,655,0.9877862595419847,25761
MinerU,opendatalab,0,0,Python,91,588,913,961,0.9500520291363164,25749
awesome-datascience,academic,10,0,Unknown,11,364,59,60,0.9833333333333333,25743
anoma,anoma,4,0,Elixir,7,720,512,623,0.8218298555377207,25729
Modernizr,Modernizr,15,0,JavaScript,27,811,1324,1495,0.88561872909699,25712
awesome-deep-learning-papers,terryum,8,0,TeX,0,39,11,26,0.4230769230769231,25690
fe-interview,haizlin,5,0,JavaScript,2,8,26,6029,0.004312489633438381,25689
discord.js,discordjs,9,0,TypeScript,264,4672,3973,4050,0.9809876543209877,25688
iced,iced-rs,5,0,Rust,17,976,861,1154,0.7461005199306759,25678
awesome-actions,sdras,6,0,Unknown,0,445,27,41,0.6585365853658537,25677
